Spanish,English meaning in this story,First part
"acostumbrado","accustomed; used to","IV"
"alcalde","mayor","V"
"aldea","village; hamlet","VI"
"alojamiento","lodging","IV"
"altar","altar","X"
"amenazas","threats","XI"
"anciano","elderly man","VIII"
"aparadores","shop windows; display windows","III"
"apartar","to remove; to separate","XI"
"aprovechar","to make use of","VII"
"arpa","harp","IX"
"arroyos","streams","I"
"barranca","ravine","XI"
"barrancas","ravines","IV"
"bastón","walking stick","XI"
"bautizos","baptisms","V"
"betabel","beetroot / beets (Mexico)","XI"
"bosques","forests","IV"
"bueyes","oxen","VII"
"buñuelos","fritters","IX"
"cabalgaba","I was riding (a horse)","III"
"cabaña","cabin","XI"
"campamentos","camps","IV"
"campanas","bells","II"
"campesinos","farmers; rural workers","V"
"caridad","charity; love for others","X"
"carlistas","Carlists (Spanish royalist political supporters)","IV"
"carmelitas descalzos","Discalced Carmelites, a religious order","V"
"castigo","punishment","XI"
"celebración","celebration","II"
"ceremonia","ceremony","II"
"chícharos","peas (Mexico)","XI"
"compasión","pity; compassion","XI"
"comprendí","I understood","XI"
"confesión","confession","IV"
"confiaba","I trusted; I believed","II"
"contempló","watched; contemplated","XI"
"convento","convent","VI"
"conventos","convents","V"
"copos","flakes","XI"
"corredores","covered walkways","XI"
"cosecha","harvest","VII"
"costumbre","custom","VII"
"criado","servant","IV"
"cuidar","to care for","IV"
"cultivar","to cultivate; grow crops","IV"
"cultos","forms of worship","X"
"cumplir","to fulfill; to carry out","V"
"desataron","they untied; they released","XI"
"desconfianza","mistrust","IV"
"despreciabas","you despised","XI"
"destino","destiny; fate","XI"
"diferentes","different","IV"
"dignidad","dignity","VII"
"discutir","to argue; to discuss","IV"
"enseñanza","education; teaching","V"
"eran","they were","III"
"escuela","school","V"
"esfuerzo","effort","V"
"esperanza","hope","VIII"
"estrofas","verses; stanzas","IX"
"fogata","bonfire; outdoor fire","XI"
"fogatas","bonfires","I"
"fraternidad","brotherhood; solidarity","X"
"frijoles","beans","VII"
"frío","cold","I"
"fuerza","strength","I"
"funerales","funerals","V"
"gestiones","formal steps; arrangements","V"
"gobierno","government","IV"
"golosinas","treats; sweets","III"
"guirnaldas","garlands","X"
"gusanos de seda","silkworms","VII"
"heno","Spanish moss (a decorative air plant in Mexican Christmas traditions)","XI"
"heridas","wounds","XI"
"hermano cura","Brother Priest (the village nickname for the priest)","VIII"
"huérfano","orphan","XI"
"huertos","vegetable gardens","VII"
"humilde","modest; humble","II"
"iglesia","church","II"
"incienso","incense","II"
"indígena","Indigenous","XI"
"injusto","unjust; unfair","XI"
"juramento","oath","XI"
"ley","law","X"
"liberal","liberal; supporter of liberal political ideas in the historical story","V"
"libertad de cultos","freedom of worship","X"
"licencia militar","military discharge/authorization","XI"
"maestro","schoolteacher","IX"
"maíz","corn; maize","VII"
"metate","traditional stone used to grind corn","VII"
"misa de gallo","Midnight Mass","II"
"misioneros","missionaries","VI"
"molino","mill","VII"
"moreras","mulberry trees","VII"
"mulas","mules","VII"
"nacimiento","nativity scene","II"
"niebla","mist; fog","I"
"Nochebuena","Christmas Eve","I"
"ofrendas","offerings","X"
"oración","prayer","XI"
"órgano","organ (musical instrument)","X"
"panderos","tambourines","IX"
"parroquia","parish","IV"
"pastores","shepherds","II"
"perdón","forgiveness","XI"
"perseguido","pursued; persecuted","IV"
"pinos","pine trees","I"
"plaza","town square","III"
"posadas","Mexican pre-Christmas gatherings","III"
"privilegios","privileges","V"
"pudín","pudding","XI"
"puestos","stalls","III"
"rayos","rays of light","I"
"rebozo","traditional shawl","XI"
"rechazado","rejected","XI"
"recitó","recited","XI"
"reconciliación","reconciliation","XI"
"región","region","VII"
"religión","religion","IV"
"reunión","gathering; meeting","XI"
"sacrificarse","to sacrifice oneself","VI"
"salvó","he/she saved","XI"
"semillas","seeds","V"
"sendero","path; trail","IV"
"servicio religioso","religious service","V"
"sierra","mountain range","I"
"sobrina","niece","XI"
"sollozos","sobs","XI"
"superiores","religious superiors","V"
"trigo","wheat","VII"
"vecinos","neighbors; villagers","II"
"vicario","vicar; cleric","VI"
"villancicos","Christmas carols","IX"
"voluntad","will; wish","XI"
"zampoña","panpipe","IX"
"zampoñas","panpipes","IX"
