acostumbrado	accustomed; used to	Navidad_B1 Part_IV
alcalde	mayor	Navidad_B1 Part_V
aldea	village; hamlet	Navidad_B1 Part_VI
alojamiento	lodging	Navidad_B1 Part_IV
altar	altar	Navidad_B1 Part_X
amenazas	threats	Navidad_B1 Part_XI
anciano	elderly man	Navidad_B1 Part_VIII
aparadores	shop windows; display windows	Navidad_B1 Part_III
apartar	to remove; to separate	Navidad_B1 Part_XI
aprovechar	to make use of	Navidad_B1 Part_VII
arpa	harp	Navidad_B1 Part_IX
arroyos	streams	Navidad_B1 Part_I
barranca	ravine	Navidad_B1 Part_XI
barrancas	ravines	Navidad_B1 Part_IV
bastón	walking stick	Navidad_B1 Part_XI
bautizos	baptisms	Navidad_B1 Part_V
betabel	beetroot / beets (Mexico)	Navidad_B1 Part_XI
bosques	forests	Navidad_B1 Part_IV
bueyes	oxen	Navidad_B1 Part_VII
buñuelos	fritters	Navidad_B1 Part_IX
cabalgaba	I was riding (a horse)	Navidad_B1 Part_III
cabaña	cabin	Navidad_B1 Part_XI
campamentos	camps	Navidad_B1 Part_IV
campanas	bells	Navidad_B1 Part_II
campesinos	farmers; rural workers	Navidad_B1 Part_V
caridad	charity; love for others	Navidad_B1 Part_X
carlistas	Carlists (Spanish royalist political supporters)	Navidad_B1 Part_IV
carmelitas descalzos	Discalced Carmelites, a religious order	Navidad_B1 Part_V
castigo	punishment	Navidad_B1 Part_XI
celebración	celebration	Navidad_B1 Part_II
ceremonia	ceremony	Navidad_B1 Part_II
chícharos	peas (Mexico)	Navidad_B1 Part_XI
compasión	pity; compassion	Navidad_B1 Part_XI
comprendí	I understood	Navidad_B1 Part_XI
confesión	confession	Navidad_B1 Part_IV
confiaba	I trusted; I believed	Navidad_B1 Part_II
contempló	watched; contemplated	Navidad_B1 Part_XI
convento	convent	Navidad_B1 Part_VI
conventos	convents	Navidad_B1 Part_V
copos	flakes	Navidad_B1 Part_XI
corredores	covered walkways	Navidad_B1 Part_XI
cosecha	harvest	Navidad_B1 Part_VII
costumbre	custom	Navidad_B1 Part_VII
criado	servant	Navidad_B1 Part_IV
cuidar	to care for	Navidad_B1 Part_IV
cultivar	to cultivate; grow crops	Navidad_B1 Part_IV
cultos	forms of worship	Navidad_B1 Part_X
cumplir	to fulfill; to carry out	Navidad_B1 Part_V
desataron	they untied; they released	Navidad_B1 Part_XI
desconfianza	mistrust	Navidad_B1 Part_IV
despreciabas	you despised	Navidad_B1 Part_XI
destino	destiny; fate	Navidad_B1 Part_XI
diferentes	different	Navidad_B1 Part_IV
dignidad	dignity	Navidad_B1 Part_VII
discutir	to argue; to discuss	Navidad_B1 Part_IV
enseñanza	education; teaching	Navidad_B1 Part_V
eran	they were	Navidad_B1 Part_III
escuela	school	Navidad_B1 Part_V
esfuerzo	effort	Navidad_B1 Part_V
esperanza	hope	Navidad_B1 Part_VIII
estrofas	verses; stanzas	Navidad_B1 Part_IX
fogata	bonfire; outdoor fire	Navidad_B1 Part_XI
fogatas	bonfires	Navidad_B1 Part_I
fraternidad	brotherhood; solidarity	Navidad_B1 Part_X
frijoles	beans	Navidad_B1 Part_VII
frío	cold	Navidad_B1 Part_I
fuerza	strength	Navidad_B1 Part_I
funerales	funerals	Navidad_B1 Part_V
gestiones	formal steps; arrangements	Navidad_B1 Part_V
gobierno	government	Navidad_B1 Part_IV
golosinas	treats; sweets	Navidad_B1 Part_III
guirnaldas	garlands	Navidad_B1 Part_X
gusanos de seda	silkworms	Navidad_B1 Part_VII
heno	Spanish moss (a decorative air plant in Mexican Christmas traditions)	Navidad_B1 Part_XI
heridas	wounds	Navidad_B1 Part_XI
hermano cura	Brother Priest (the village nickname for the priest)	Navidad_B1 Part_VIII
huérfano	orphan	Navidad_B1 Part_XI
huertos	vegetable gardens	Navidad_B1 Part_VII
humilde	modest; humble	Navidad_B1 Part_II
iglesia	church	Navidad_B1 Part_II
incienso	incense	Navidad_B1 Part_II
indígena	Indigenous	Navidad_B1 Part_XI
injusto	unjust; unfair	Navidad_B1 Part_XI
juramento	oath	Navidad_B1 Part_XI
ley	law	Navidad_B1 Part_X
liberal	liberal; supporter of liberal political ideas in the historical story	Navidad_B1 Part_V
libertad de cultos	freedom of worship	Navidad_B1 Part_X
licencia militar	military discharge/authorization	Navidad_B1 Part_XI
maestro	schoolteacher	Navidad_B1 Part_IX
maíz	corn; maize	Navidad_B1 Part_VII
metate	traditional stone used to grind corn	Navidad_B1 Part_VII
misa de gallo	Midnight Mass	Navidad_B1 Part_II
misioneros	missionaries	Navidad_B1 Part_VI
molino	mill	Navidad_B1 Part_VII
moreras	mulberry trees	Navidad_B1 Part_VII
mulas	mules	Navidad_B1 Part_VII
nacimiento	nativity scene	Navidad_B1 Part_II
niebla	mist; fog	Navidad_B1 Part_I
Nochebuena	Christmas Eve	Navidad_B1 Part_I
ofrendas	offerings	Navidad_B1 Part_X
oración	prayer	Navidad_B1 Part_XI
órgano	organ (musical instrument)	Navidad_B1 Part_X
panderos	tambourines	Navidad_B1 Part_IX
parroquia	parish	Navidad_B1 Part_IV
pastores	shepherds	Navidad_B1 Part_II
perdón	forgiveness	Navidad_B1 Part_XI
perseguido	pursued; persecuted	Navidad_B1 Part_IV
pinos	pine trees	Navidad_B1 Part_I
plaza	town square	Navidad_B1 Part_III
posadas	Mexican pre-Christmas gatherings	Navidad_B1 Part_III
privilegios	privileges	Navidad_B1 Part_V
pudín	pudding	Navidad_B1 Part_XI
puestos	stalls	Navidad_B1 Part_III
rayos	rays of light	Navidad_B1 Part_I
rebozo	traditional shawl	Navidad_B1 Part_XI
rechazado	rejected	Navidad_B1 Part_XI
recitó	recited	Navidad_B1 Part_XI
reconciliación	reconciliation	Navidad_B1 Part_XI
región	region	Navidad_B1 Part_VII
religión	religion	Navidad_B1 Part_IV
reunión	gathering; meeting	Navidad_B1 Part_XI
sacrificarse	to sacrifice oneself	Navidad_B1 Part_VI
salvó	he/she saved	Navidad_B1 Part_XI
semillas	seeds	Navidad_B1 Part_V
sendero	path; trail	Navidad_B1 Part_IV
servicio religioso	religious service	Navidad_B1 Part_V
sierra	mountain range	Navidad_B1 Part_I
sobrina	niece	Navidad_B1 Part_XI
sollozos	sobs	Navidad_B1 Part_XI
superiores	religious superiors	Navidad_B1 Part_V
trigo	wheat	Navidad_B1 Part_VII
vecinos	neighbors; villagers	Navidad_B1 Part_II
vicario	vicar; cleric	Navidad_B1 Part_VI
villancicos	Christmas carols	Navidad_B1 Part_IX
voluntad	will; wish	Navidad_B1 Part_XI
zampoña	panpipe	Navidad_B1 Part_IX
zampoñas	panpipes	Navidad_B1 Part_IX
