chapter,spanish,english
I,recepción,reception; formal social gathering
I,quiromante,palm reader; chiromancer
I,destino,fate; destiny
I,prometida,fiancée
I,palma,palm of the hand
I,amenaza,threat
I,lupa,magnifying glass
II,farola,street lamp
II,mendigo,beggar
II,compasión,compassion
II,verja,iron fence; railing
II,cartel,notice; poster
II,laberinto,maze; labyrinth
II,amanecer,dawn
III,deber,duty
III,sacrificio,sacrifice
III,profecía,prophecy
III,venganza,revenge
III,veneno,poison
III,cápsula,capsule
III,acidez,heartburn; acidity
III,aplazar,to postpone
IV,esquela,death notice; obituary notice
IV,góndola,gondola
IV,telegrama,telegram
IV,pésame,condolences
IV,testamento,will; testament
IV,amatista,amethyst
IV,intacto,untouched; intact
V,explosivo,explosive
V,deán,dean; senior church official
V,revolucionario,revolutionary
V,mecanismo,mechanism
V,fracaso,failure
V,parapeto,parapet; protective low wall
V,veredicto,verdict
V,superstición,superstition
VI,solemnidad,solemnity
VI,impostor,impostor; fraud
VI,telepatía,telepathy
VI,predicción,prediction
