recepción	reception; formal social gathering	Chapter I
quiromante	palm reader; chiromancer	Chapter I
destino	fate; destiny	Chapter I
prometida	fiancée	Chapter I
palma	palm of the hand	Chapter I
amenaza	threat	Chapter I
lupa	magnifying glass	Chapter I
farola	street lamp	Chapter II
mendigo	beggar	Chapter II
compasión	compassion	Chapter II
verja	iron fence; railing	Chapter II
cartel	notice; poster	Chapter II
laberinto	maze; labyrinth	Chapter II
amanecer	dawn	Chapter II
deber	duty	Chapter III
sacrificio	sacrifice	Chapter III
profecía	prophecy	Chapter III
venganza	revenge	Chapter III
veneno	poison	Chapter III
cápsula	capsule	Chapter III
acidez	heartburn; acidity	Chapter III
aplazar	to postpone	Chapter III
esquela	death notice; obituary notice	Chapter IV
góndola	gondola	Chapter IV
telegrama	telegram	Chapter IV
pésame	condolences	Chapter IV
testamento	will; testament	Chapter IV
amatista	amethyst	Chapter IV
intacto	untouched; intact	Chapter IV
explosivo	explosive	Chapter V
deán	dean; senior church official	Chapter V
revolucionario	revolutionary	Chapter V
mecanismo	mechanism	Chapter V
fracaso	failure	Chapter V
parapeto	parapet; protective low wall	Chapter V
veredicto	verdict	Chapter V
superstición	superstition	Chapter V
solemnidad	solemnity	Chapter VI
impostor	impostor; fraud	Chapter VI
telepatía	telepathy	Chapter VI
predicción	prediction	Chapter VI
