Front	Back	Unit
desvío	turn-off / detour — camino que se separa de la ruta principal.	Unidad 1
ladera	slope / hillside — parte inclinada de una colina o montaña.	Unidad 1
cima	summit / top — parte más alta de una colina o montaña.	Unidad 1
chotacabras	whippoorwill / nightjar — ave nocturna cuyo canto tiene importancia en la historia.	Unidad 1
ruinas	ruins — restos de un edificio destruido o muy deteriorado.	Unidad 1
forastero	outsider / stranger — persona que viene de otro lugar.	Unidad 1
sermón	sermon — discurso religioso pronunciado normalmente por un sacerdote o pastor.	Unidad 1
albinismo	albinism — condición genética en la que el cuerpo produce muy poca pigmentación.	Unidad 2
ganado	livestock / cattle — conjunto de animales criados en una granja, especialmente vacas u otros animales grandes.	Unidad 2
establo	barn / stable — edificio de una granja donde se guardan o protegen animales.	Unidad 2
herida	wound — lesión o daño en una parte del cuerpo.	Unidad 2
resplandor	glow / bright light — luz intensa o visible que destaca en la oscuridad.	Unidad 2
linterna	flashlight / lantern — objeto portátil que sirve para iluminar.	Unidad 2
rasgo	feature / trait — característica visible o particular de una persona, objeto o situación.	Unidad 2
cobertizo	shed — construcción pequeña, normalmente junto a una casa o granja, usada para guardar herramientas, animales u otros objetos.	Unidad 3
cerradura	lock — mecanismo de una puerta que se abre o se cierra con llave.	Unidad 3
estantería	shelf / shelving unit — mueble o estructura con superficies horizontales donde se colocan libros u objetos.	Unidad 3
pasarela	walkway / raised passage — estructura estrecha que permite pasar de un lugar a otro, a veces por encima del suelo.	Unidad 3
temblor	tremor / shaking — movimiento breve de la tierra o de una superficie.	Unidad 3
desconfianza	distrust / suspicion — falta de confianza hacia una persona o situación.	Unidad 3
ático	attic — espacio interior situado justo debajo del tejado de una casa.	Unidad 4
derribar	knock down / demolish — tirar al suelo una pared, una construcción u otra estructura.	Unidad 4
rítmico	rhythmic — que se repite siguiendo un ritmo regular.	Unidad 4
advertencia	warning — aviso sobre un peligro, un problema o algo que debe tenerse en cuenta.	Unidad 4
correspondencia	correspondence — conjunto de cartas o mensajes que dos o más personas se envían.	Unidad 4
frialdad	coldness / emotional distance — actitud poco afectuosa o distante hacia otra persona.	Unidad 4
trasladar	move / transfer — llevar una persona, objeto o conjunto de cosas de un lugar a otro.	Unidad 4
ejemplar	copy (of a book) — una copia concreta de un libro o de otra obra publicada.	Unidad 5
atribuir	attribute — considerar que una obra, una idea o una acción pertenece o corresponde a una persona.	Unidad 5
fórmula	formula — conjunto fijo de palabras, signos o instrucciones usado para conseguir un resultado concreto.	Unidad 5
guardián	guardian / guard — persona o animal que protege, vigila o impide el acceso a un lugar.	Unidad 5
descendencia	offspring / descendants — hijos y otras personas que proceden de una misma familia o ser.	Unidad 5
inquietud	unease / concern — sensación de preocupación o falta de tranquilidad.	Unidad 5
negativa	refusal — respuesta con la que una persona dice que no acepta o no permite algo.	Unidad 5
gruñir	to growl — emitir un sonido bajo y amenazante, normalmente un animal.	Unidad 6
intruso	intruder — persona que entra en un lugar sin permiso.	Unidad 6
atascado	jammed / stuck — que no puede moverse o funcionar porque algo lo bloquea.	Unidad 6
rugoso	rough — que tiene una superficie irregular, no lisa.	Unidad 6
apéndice	appendage — parte que sale o se prolonga desde una estructura principal del cuerpo.	Unidad 6
aullido	howl — sonido largo y fuerte que producen algunos animales, especialmente perros y lobos.	Unidad 6
deshacerse	to break down / dissolve — perder poco a poco la forma o la estructura hasta casi desaparecer.	Unidad 6
barranco	ravine / gorge — terreno profundo y estrecho entre zonas más altas, normalmente con pendientes fuertes.	Unidad 7
pegajoso/a	sticky — que se queda adherido con facilidad a una superficie.	Unidad 7
rastro	trail / trace — conjunto de señales que permiten seguir el camino de una persona, animal o cosa.	Unidad 7
pendiente	slope — superficie de terreno que sube o baja con inclinación.	Unidad 7
gemido	moan / groan — sonido de dolor, miedo o sufrimiento.	Unidad 7
empinado/a	steep — que tiene una inclinación fuerte y resulta difícil de subir o bajar.	Unidad 7
auricular	telephone receiver — parte del teléfono que se acerca al oído y a la boca para escuchar y hablar.	Unidad 7
descifrado	decoding / decryption — proceso de descubrir el significado de un texto escrito en código.	Unidad 8
clave	key — información o regla que permite entender o resolver algo oculto.	Unidad 8
hipótesis	hypothesis — explicación posible que se usa como punto de partida para investigar.	Unidad 8
equivalencias	equivalences / correspondences — relaciones en las que un signo, letra o valor corresponde a otro.	Unidad 8
barrera	barrier — obstáculo que impide avanzar o pasar.	Unidad 8
percibir	to perceive / detect — notar o captar algo, especialmente con los sentidos o la atención.	Unidad 8
laboratorio	laboratory — lugar equipado para realizar pruebas, experimentos o investigaciones científicas.	Unidad 8
pulverizador	sprayer — aparato que expulsa un líquido en gotas muy pequeñas.	Unidad 9
refugio	shelter — lugar que protege de un peligro, del mal tiempo o de una amenaza.	Unidad 9
empapado/a	soaked — completamente mojado.	Unidad 9
valla	fence — estructura que marca o cierra el límite de un terreno.	Unidad 9
estruendo	crash / roar — ruido muy fuerte y repentino.	Unidad 9
franja	strip / band — zona larga y estrecha de una superficie o un terreno.	Unidad 9
hundido/a	sunken — que ha bajado o cedido hacia dentro o hacia abajo.	Unidad 9
lente	lens — pieza de cristal que permite ver algo más grande o con mayor claridad.	Unidad 10
apéndice	appendage — parte que sale de un cuerpo y está unida a él.	Unidad 10
barbilla	chin — parte inferior de la cara, debajo de la boca.	Unidad 10
cresta	ridge — parte más alta y alargada de una montaña o colina.	Unidad 10
fórmula	formula — conjunto de palabras o pasos que se siguen para producir un efecto concreto.	Unidad 10
ráfaga	gust — golpe breve y fuerte de viento o aire.	Unidad 10
desplomarse	to collapse — caer de repente, normalmente sin poder mantenerse en pie.	Unidad 10
