Front	Back	Unit
herencia	inheritance — bienes, documentos o dinero que una persona recibe después de una muerte.	Unidad 1
bajorrelieve	bas-relief — imagen o figura esculpida que sobresale un poco de una superficie.	Unidad 1
inscripción	inscription — palabras o signos escritos o grabados sobre un objeto.	Unidad 1
culto	cult — grupo religioso o secreto que comparte unas creencias y unos rituales.	Unidad 1
temblor	tremor — pequeño terremoto o movimiento de la tierra.	Unidad 1
delirio	delirium — estado de confusión causado, por ejemplo, por una fiebre.	Unidad 1
pesadilla	nightmare — sueño que produce miedo o angustia.	Unidad 1
escepticismo	scepticism — actitud de quien no acepta algo como verdadero sin pruebas.	Unidad 1
ídolo	idol — figura que representa a un ser considerado sagrado o poderoso.	Unidad 2
pantano	swamp — terreno húmedo cubierto de agua y vegetación.	Unidad 2
ritual	ritual — conjunto de acciones repetidas con significado religioso o simbólico.	Unidad 2
cántico	chant — frase o canción que un grupo repite con ritmo.	Unidad 2
detenido	arrested person — persona arrestada por la policía.	Unidad 2
testimonio	testimony — relato de una persona sobre algo que ha visto o sabe.	Unidad 2
remoto	remote — muy lejano en el espacio o en el tiempo.	Unidad 2
hundirse	to sink — bajar bajo el agua o bajo otra superficie.	Unidad 2
recorte	newspaper cutting — parte de un periódico o revista que se corta y se guarda.	Unidad 3
yate	yacht — embarcación de recreo, normalmente más pequeña que un gran barco.	Unidad 3
tripulación	crew — conjunto de personas que trabajan en un barco.	Unidad 3
naufragio	shipwreck — pérdida o destrucción de una embarcación en el mar.	Unidad 3
isla	island — tierra rodeada de agua.	Unidad 3
manuscrito	manuscript — texto escrito a mano o documento original de un autor.	Unidad 3
portal	portal / large doorway — entrada o puerta grande de un edificio.	Unidad 3
sumergido	submerged — que está completamente bajo el agua.	Unidad 3
