tier,chapter,spanish,english,definition_es
STORY_WORD,1,diligencia,stagecoach,Vehículo grande de pasajeros usado antes de los trenes y automóviles.
STORY_WORD,1,estribo,step of a carriage,Peldaño exterior que ayuda a subir a un carruaje.
STORY_WORD,1,relevo,stop where horses are changed,Parada donde se cambian los caballos durante un viaje.
STORY_WORD,1,luto,mourning clothes,Ropa o señales de duelo por la muerte de una persona.
STORY_WORD,1,desconocida,unknown woman / stranger,Mujer cuya identidad no se conoce.
STORY_WORD,1,berlina,front compartment of a stagecoach,Compartimento delantero de una diligencia.
STORY_WORD,2,galantería,flirtatious compliment / gallantry,Comentario o gesto amable con intención amorosa.
STORY_WORD,2,desengaño,"painful disappointment, especially in love",Experiencia dolorosa al descubrir que algo o alguien no era como se creía.
STORY_WORD,2,corresponder,to return someone's love / reciprocate,Sentir por otra persona un amor parecido al que esa persona siente.
STORY_WORD,2,ocultar,to hide,No mostrar o no decir algo.
STORY_WORD,2,parador,coaching inn / stopping place,Lugar donde los viajeros podían parar y alojarse.
STORY_WORD,2,lacayo,liveried servant,Criado uniformado al servicio de una casa rica.
STORY_WORD,3,víspera,"eve, the day before",Día o momento anterior a una fecha importante.
STORY_WORD,3,difuntos,the dead / deceased people,Personas que han muerto.
STORY_WORD,3,juez,judge,Persona que aplica la ley y toma decisiones judiciales.
STORY_WORD,3,villa,town (historical/formal use),Población o localidad; uso histórico o formal.
STORY_WORD,3,Jurisprudencia,Law as a university field in this historical context,Estudios de Derecho en el contexto histórico de la historia.
STORY_WORD,3,cementerio,cemetery,Lugar donde se entierran los muertos.
STORY_WORD,4,promotor fiscal,historical public prosecutor / prosecuting official,Funcionario histórico encargado de impulsar la acusación pública.
STORY_WORD,4,fonda,inn / hotel,Casa de huéspedes o alojamiento sencillo.
STORY_WORD,4,viuda,widow,Mujer cuyo esposo ha muerto.
STORY_WORD,4,retirada,"reserved, socially withdrawn",Que lleva una vida con poca relación social.
STORY_WORD,4,velada,evening spent in company,Tiempo de la noche pasado en compañía de otras personas.
STORY_WORD,4,declararse,to confess one's love / declare oneself,Decir abiertamente que se ama a alguien.
STORY_WORD,4,honradez,honesty / moral integrity,Conducta basada en la honestidad y los principios morales.
STORY_WORD,5,embarazada,pregnant,Que espera un hijo.
STORY_WORD,5,plazo,deadline / agreed period,Tiempo fijado para hacer o terminar algo.
STORY_WORD,5,desaparecer,to disappear,Dejar de estar localizable o visible.
STORY_WORD,5,rastro,trace / trail,Señal que permite seguir o encontrar a alguien o algo.
STORY_WORD,5,osario,ossuary,Lugar donde se guardan huesos humanos.
STORY_WORD,5,calavera,skull,Huesos de la cabeza de una persona muerta.
STORY_WORD,5,clavo,nail,Pieza de metal larga y puntiaguda usada normalmente para fijar cosas.
STORY_WORD,6,sepulturero,gravedigger,Persona que trabaja enterrando muertos en un cementerio.
STORY_WORD,6,ataúd,coffin,Caja donde se coloca un cadáver para enterrarlo.
STORY_WORD,6,iniciales,initials,Primeras letras de un nombre y apellidos.
STORY_WORD,6,sepelio,burial,Entierro de una persona muerta.
STORY_WORD,6,declaración,witness statement,Información formal dada por un testigo.
STORY_WORD,6,acusada,accused woman,Mujer a la que se atribuye formalmente un delito.
STORY_WORD,6,rebeldía,trial/status in absence of the accused,Situación judicial en la que el acusado no está presente.
STORY_WORD,7,baile,formal dance / ball,Fiesta o reunión social donde se baila.
STORY_WORD,7,aristocracia,aristocracy,Grupo social tradicionalmente asociado a títulos y alta posición.
STORY_WORD,7,reconocer,to recognise,Identificar a una persona o cosa ya conocida.
STORY_WORD,7,herida,wound,Daño físico; también puede usarse en sentido emocional.
STORY_WORD,7,alojarse,to stay / lodge,"Quedarse temporalmente en un hotel, fonda o casa."
STORY_WORD,7,despedida,farewell,Momento en que dos personas se separan y dicen adiós.
STORY_WORD,8,esquela,short written note,Nota escrita breve.
STORY_WORD,8,cita,appointment / meeting,Encuentro acordado con otra persona.
STORY_WORD,8,reconciliarse,to reconcile,Volver a tener una relación amistosa o amorosa después de un conflicto.
STORY_WORD,8,capturar,to capture / arrest,Detener a una persona que estaba siendo buscada.
STORY_WORD,8,sospecha,suspicion,Idea de que algo puede ser verdad sin tener todavía pruebas suficientes.
STORY_WORD,8,cárcel,prison,Lugar donde se encierra a personas detenidas o condenadas.
STORY_WORD,8,indagatoria,formal judicial questioning,Interrogatorio judicial formal.
STORY_WORD,9,tribunal,court,Órgano o lugar donde se administra justicia.
STORY_WORD,9,procesada,woman formally accused in a criminal case,Mujer contra la que existe un proceso penal.
STORY_WORD,9,confesar,to confess,"Reconocer que se ha cometido un hecho, especialmente un delito."
STORY_WORD,9,asesinar,to murder,Matar intencionadamente a una persona.
STORY_WORD,9,marido,husband,Hombre casado respecto de su esposa.
STORY_WORD,9,condena,sentence / conviction,Decisión judicial que impone una pena.
STORY_WORD,9,magistrado,judge / senior judicial officer,Juez o autoridad judicial de rango elevado.
STORY_WORD,10,sentencia,judicial sentence,Decisión formal de un juez o tribunal.
STORY_WORD,10,confirmar,to uphold / confirm,Mantener como válida una decisión anterior.
STORY_WORD,10,ejecución,execution,Aplicación de una pena de muerte en este contexto.
STORY_WORD,10,confesor,priest hearing a final confession,Sacerdote que escucha una confesión religiosa.
STORY_WORD,10,indulto,official pardon,Perdón oficial de una pena.
STORY_WORD,10,patíbulo,execution platform / scaffold,Plataforma o lugar destinado históricamente a una ejecución.
STORY_WORD,10,perdonar,to forgive,Dejar de guardar culpa o resentimiento contra alguien.
GLOSSARY_EXTRA,4,viudo / viuda,widower / widow,Persona cuyo esposo o esposa ha muerto
GLOSSARY_EXTRA,6,apoplejía,apoplexy / sudden stroke-like collapse,Término histórico para una muerte o ataque cerebral repentino
GLOSSARY_EXTRA,6,campanilla,small bell,Campana pequeña usada para llamar o avisar
GLOSSARY_EXTRA,6,escribano,court clerk / legal scribe,Funcionario que redacta y da fe de actuaciones judiciales
GLOSSARY_EXTRA,6,galón,decorative braid / trim,Cinta ornamental; en la historia deja marcas en la madera del ataúd
GLOSSARY_EXTRA,6,parroquia,parish,Comunidad e iglesia local donde se conservaban registros de entierros
GLOSSARY_EXTRA,6,partida de sepelio,burial record,Documento parroquial que registra un entierro
GLOSSARY_EXTRA,6,propietario,property owner,"Persona que posee bienes, tierras o inmuebles"
GLOSSARY_EXTRA,6,prueba,evidence / proof,Dato u objeto que ayuda a demostrar un hecho
GLOSSARY_EXTRA,6,tachuela,small tack,Clavo corto con cabeza ancha; las marcas ayudan a reconstruir las iniciales
GLOSSARY_EXTRA,6,testimonio,testimony / evidence statement,Declaración o documento que sirve como prueba
GLOSSARY_EXTRA,8,alguacil,court officer / bailiff,Funcionario que ayuda al juzgado a ejecutar órdenes y avisos
GLOSSARY_EXTRA,8,Guardia Civil,Spanish Civil Guard,Cuerpo policial español que participa en la captura de Gabriela
GLOSSARY_EXTRA,8,interrogatorio,questioning / interrogation,Serie de preguntas formales para obtener información
GLOSSARY_EXTRA,9,culpable,guilty,Responsable de un delito o una falta
GLOSSARY_EXTRA,9,funcionario,official,Persona que trabaja para una institución pública
GLOSSARY_EXTRA,10,Audiencia,higher court,Tribunal superior que revisa o confirma una sentencia
GLOSSARY_EXTRA,10,comitiva,procession / group accompanying someone,Grupo de personas que avanza junto en un acto público
GLOSSARY_EXTRA,10,crucifijo,crucifix,Cruz con la figura de Jesucristo
GLOSSARY_EXTRA,10,melancolía,melancholy,Tristeza profunda y tranquila que puede durar mucho tiempo