Front	Back	Chapter
bosque	forest	Capítulo 1
tronco	tree trunk	Capítulo 1
rama	branch	Capítulo 1
sombra	shade; shadow	Capítulo 1
refugio	refuge	Capítulo 1
inmortal	immortal being	Capítulo 1
ninfa	nymph	Capítulo 2
cuidar	to look after	Capítulo 2
sufrimiento	suffering	Capítulo 2
bebé	baby	Capítulo 2
leona	lioness	Capítulo 2
abandonar	to abandon	Capítulo 2
ley	law	Capítulo 2
compasión	compassion	Capítulo 2
presencia	presence	Capítulo 3
desobedecer	to disobey	Capítulo 3
pedir	to ask for	Capítulo 3
rodillas	knees	Capítulo 3
permiso	permission	Capítulo 3
proteger	to protect	Capítulo 3
nombre	name	Capítulo 4
criar	to raise a child	Capítulo 4
musgo	moss	Capítulo 4
cierva	doe	Capítulo 4
Ryl	magical being who cares for plants and flowers	Capítulo 4
Knook	magical guardian of animals	Capítulo 4
hada	fairy	Capítulo 4
semejante	someone/something similar	Capítulo 4
siglo	century	Capítulo 5
mortal	mortal	Capítulo 5
crecer	to grow	Capítulo 5
alimento	food	Capítulo 5
lenguaje	language	Capítulo 5
criatura	creature	Capítulo 5
acompañar	to accompany	Capítulo 5
cinturón	belt	Capítulo 6
invisible	invisible	Capítulo 6
mortal	mortal person	Capítulo 6
riqueza	wealth	Capítulo 6
pobreza	poverty	Capítulo 6
envejecer	to grow old	Capítulo 6
ayudar	to help	Capítulo 6
humanidad	humanity	Capítulo 6
misión	mission; purpose	Capítulo 7
gratitud	gratitude	Capítulo 7
dedicar	to devote	Capítulo 7
protección	protection	Capítulo 7
consejo	advice	Capítulo 7
valle	valley	Capítulo 7
despedirse	to say goodbye	Capítulo 7
hacha	axe	Capítulo 8
tronco	log; tree trunk	Capítulo 8
hogar	home	Capítulo 8
chimenea	fireplace/chimney	Capítulo 8
cultivar	to grow crops	Capítulo 8
grano	grain	Capítulo 8
provisiones	supplies	Capítulo 8
inmortal	immortal being	Capítulo 8
aldea	village	Capítulo 9
invierno	winter	Capítulo 9
escarcha	frost	Capítulo 9
tallar	to carve	Capítulo 9
cuchillo	knife	Capítulo 9
figura	figure	Capítulo 9
juguete	toy	Capítulo 9
tormenta	storm	Capítulo 10
perdido	lost	Capítulo 10
manta	blanket	Capítulo 10
rescatar	to rescue	Capítulo 10
pintura	paint	Capítulo 10
pincel	brush	Capítulo 10
enfermo	ill	Capítulo 10
leona	lioness	Capítulo 10
tímido	shy	Capítulo 11
decepción	disappointment	Capítulo 11
leona	lioness	Capítulo 11
asustar	to frighten	Capítulo 11
conejo	rabbit	Capítulo 11
cordero	lamb	Capítulo 11
herramienta	tool	Capítulo 11
taller	workshop	Capítulo 11
rico	rich	Capítulo 12
pobre	poor	Capítulo 12
culpa	fault; blame	Capítulo 12
arcilla	clay	Capítulo 12
muñeca	doll	Capítulo 12
seda	silk	Capítulo 12
hornear	to bake	Capítulo 12
cuidar	to look after	Capítulo 12
Awgwa	evil creature in Baum’s story world	Capítulo 13
influir	to influence	Capítulo 13
secuestrar	to kidnap	Capítulo 13
cuerda	rope	Capítulo 13
sello	magical seal	Capítulo 13
cueva	cave	Capítulo 13
robar	to steal	Capítulo 13
persecución	persecution; repeated harassment	Capítulo 13
protección	protection	Capítulo 14
desafiar	to defy; challenge	Capítulo 14
ejército	army	Capítulo 14
batalla	battle	Capítulo 14
gigante	giant	Capítulo 14
dragón	dragon	Capítulo 14
varita	wand	Capítulo 14
desaparecer	to disappear	Capítulo 14
saco	sack	Capítulo 15
reno	reindeer	Capítulo 15
trineo	sleigh	Capítulo 15
arnés	harness	Capítulo 15
riendas	reins	Capítulo 15
tejado	roof	Capítulo 15
chimenea	chimney	Capítulo 15
amanecer	dawn	Capítulo 15
regalo	gift	Capítulo 16
fama	fame	Capítulo 16
generoso	generous	Capítulo 16
santo	saint	Capítulo 16
perdonar	to forgive	Capítulo 16
desobediente	disobedient	Capítulo 16
castigo	punishment	Capítulo 17
permiso	permission	Capítulo 17
príncipe	prince	Capítulo 17
proteger	to protect	Capítulo 17
recuperar	to recover	Capítulo 17
carga	load	Capítulo 17
Nochebuena	Christmas Eve	Capítulo 17
misión	mission	Capítulo 17
acuerdo	agreement	Capítulo 18
patín	runner of a sleigh	Capítulo 18
campanilla	small bell	Capítulo 18
equipo	team	Capítulo 18
calcetín	stocking/sock	Capítulo 18
hogar	fireplace/hearth	Capítulo 18
costumbre	custom	Capítulo 18
llenar	to fill	Capítulo 18
dulce	sweet; candy	Capítulo 19
rama	branch	Capítulo 19
pino	pine tree	Capítulo 19
vela	candle	Capítulo 19
tienda	tent	Capítulo 19
decorar	to decorate	Capítulo 19
anticipación	anticipation	Capítulo 19
barón	baron	Capítulo 19
mortal	mortal	Capítulo 20
vejez	old age	Capítulo 20
débil	weak	Capítulo 20
consejo	council	Capítulo 20
manto	mantle; ceremonial cloak	Capítulo 20
voto	vote	Capítulo 20
conceder	to grant	Capítulo 20
inmortalidad	immortality	Capítulo 20
recuperar	to recover	Capítulo 21
fuerza	strength	Capítulo 21
ayudante	helper	Capítulo 21
generación	generation	Capítulo 21
extenderse	to spread	Capítulo 21
océano	ocean	Capítulo 21
viaje	journey	Capítulo 21
numeroso	numerous	Capítulo 21
estufa	stove	Capítulo 22
estrecho	narrow	Capítulo 22
pared	wall	Capítulo 22
repartir	to distribute	Capítulo 22
ayudante	helper	Capítulo 22
encargar	to entrust; put someone in charge	Capítulo 22
diputado	deputy; representative	Capítulo 22
juguetería	toy shop	Capítulo 22
