Front	Back	Section
barraca	traditional Valencian farmhouse — casa rural tradicional de la huerta valenciana.	General
huerta	irrigated farmland — zona agrícola de regadío alrededor de Valencia.	General
acequia	irrigation channel — canal que lleva agua a los campos.	General
labrador	farmer — persona que trabaja y cultiva la tierra.	General
riego	irrigation — acción de llevar agua a los cultivos.	General
parcela	plot of land — parte delimitada de terreno agrícola.	General
azada	hoe — herramienta agrícola para trabajar la tierra.	General
estiércol	manure — materia orgánica usada para fertilizar la tierra.	General
cosecha	harvest — productos agrícolas recogidos después de cultivarlos.	General
vecino	neighbour — persona que vive cerca o forma parte de la misma comunidad.	General
hostilidad	hostility — actitud de rechazo, enemistad o agresividad.	General
arrendatario	tenant farmer — persona que trabaja una tierra de otra persona a cambio de un pago.	General
escopeta	shotgun — arma de fuego larga utilizada en el campo y la caza.	General
taberna	tavern — local popular donde se bebe, se conversa y a veces se juega.	General
aguardiente	spirits / strong liquor — bebida alcohólica fuerte obtenida por destilación.	General
entierro	funeral / burial — acto de llevar y dar sepultura a una persona fallecida.	General
procesión	procession — grupo de personas que avanza de forma ordenada en un acto público o ceremonial.	General
albahaca	basil — planta aromática de hojas verdes.	General
incendio	fire — fuego grande que destruye una casa, un campo u otro lugar.	General
desplazado	displaced — obligado a abandonar el lugar donde vivía.	General
